"Timestamp","Recommendation 1","Recommendation 2","Recommendation 3","Recommendation 4","Recommendation 5","Recommendation 6","Recommendation 7","Recommendation 8","Recommendation 9","Recommendation 10","Recommendation 1","Recommendation 2","Recommendation 3","Recommendation 4","Recommendation 5","Recommendation 6","Recommendation 7","Recommendation 8","Recommendation 9","Recommendation 10","Free space"
"2025/04/14 9:22:58 AM AST","https://www.youtube.com/watch?v=7jjcAuEYW9M","https://www.youtube.com/watch?v=FC3y9llDXuM","https://www.youtube.com/watch?v=Q096w0Fz2p4","https://www.youtube.com/watch?v=LwP0z6E9x0c","https://www.youtube.com/watch?v=6ZfuNTqbHE8","https://www.youtube.com/watch?v=HRifSKFFGoo","https://www.youtube.com/watch?v=6Q1IpNQtufE","https://www.youtube.com/watch?v=OQaLic5SE_I","https://www.youtube.com/watch?v=WW8ujxFd4E0","https://www.youtube.com/watch?v=I-sH53vXP2A","https://www.youtube.com/watch?v=7wWJJtIbiHk","https://www.youtube.com/watch?v=Xu4qqpjWbvI","https://www.youtube.com/watch?v=oC2o2-Nteyw","https://www.youtube.com/watch?v=ET2y3IipHGM","https://www.youtube.com/watch?v=JwtDtF3DHYQ","https://www.youtube.com/watch?v=aKrSBz3ez5A","https://www.youtube.com/watch?v=eiQ-TCse-Uo","https://www.youtube.com/watch?v=hDv_RnTSn2Q","https://www.youtube.com/watch?v=V1RPi2MYptM","https://www.youtube.com/watch?v=03srS0cPpJ0",""
"2025/04/14 9:23:12 AM AST","https://www.youtube.com/watch?v=MtN1YnoL46Q","https://www.youtube.com/watch?v=2on5G3Npm2o","https://www.youtube.com/watch?v=Topa3LKgolw","https://www.youtube.com/watch?v=RCsW1snWed8","https://www.youtube.com/watch?v=A-oOek2KA5U","https://www.youtube.com/watch?v=cYGb2Sgy_Vk","https://www.youtube.com/watch?v=EMib3uSRXJ0","https://www.youtube.com/watch?v=vD-xWjbY_Ds","https://www.youtube.com/watch?v=0bxr-3UhKnE","https://www.youtube.com/watch?v=Zp6FftygQLk","https://www.youtube.com/watch?v=7wWJJtIbiHk","https://www.youtube.com/watch?v=X-yJhGcS7U4","https://www.youtube.com/watch?v=iUohO2MSot8","https://www.youtube.com/watch?v=Sa9czdcHPG8","https://www.youtube.com/watch?v=d6r8b1GT5bk","https://www.youtube.com/watch?v=MwIDLBfEcCY","https://www.youtube.com/watch?v=I_CjMxd0KbM","https://www.youtube.com/watch?v=s6g8yKQSW3c","https://www.youtube.com/watch?v=J1r6CE-e6Tg","https://www.youtube.com/watch?v=iEbNd1NXkJc",""
"2025/04/14 9:24:00 AM AST","https://www.youtube.com/watch?v=7jjcAuEYW9M&pp=0gcJCX4JAYcqIYzv","https://www.youtube.com/watch?v=7wWJJtIbiHk","https://www.youtube.com/watch?v=0wB7iuER2Z0","https://www.youtube.com/watch?v=wjsmX-R4Taw","https://www.youtube.com/watch?v=4fezP875xOQ","https://www.youtube.com/watch?v=X-yJhGcS7U4","https://www.youtube.com/watch?v=PAORQoMvSdY","https://www.youtube.com/watch?v=THh4fT0O7IY","https://www.youtube.com/watch?v=14XxolEJloE","https://www.youtube.com/watch?v=9GaBMZRHM3U","https://www.youtube.com/watch?v=7jjcAuEYW9M","https://www.youtube.com/watch?v=7wWJJtIbiHk","https://www.youtube.com/watch?v=THh4fT0O7IY&t=1s","https://www.youtube.com/watch?v=wjsmX-R4Taw","https://www.youtube.com/watch?v=xhrE4M8J3FU","https://www.youtube.com/watch?v=psxLWYt29mk","https://www.youtube.com/watch?v=YVkUvmDQ3HY","https://www.youtube.com/watch?v=KfEEm4Zx-EU","https://www.youtube.com/watch?v=hO2FvV09F-A","https://www.youtube.com/watch?v=wxXE8Q_hvOA&pp=0gcJCX4JAYcqIYzv",""
"2025/04/14 9:24:12 AM AST","https://youtu.be/7jjcAuEYW9M?si=WKV7UW_gwpCxVbFw","https://youtube.com/playlist?list=RDEMVdIAVFQ0_mzQJ5fQjBa7HQ&playnext=1&si=8oPmUNKvvGjWh29m","https://youtu.be/iMKEdSw4D5c?si=Si-WFJfayjXDallL","https://youtu.be/ckbdiKjzFd4?si=36G1rvvSB0rzJMI2","https://youtu.be/mlT3hz_vPP8?si=YvzxrqJNYcLKAkK-","https://youtu.be/ad6HU9hX7rg?si=u-M3q51Otrp2n9kS","https://youtu.be/i39uqYsrN2w?si=VsdvTl40k1X9GqOD","https://youtu.be/AL8d7s7PvTQ?si=1dPG3Ebs_USux-I5","https://youtu.be/BHCz58zBqeQ?si=fEQoWBAw_6rRXmgx","https://youtu.be/3fytMJUU5YI?si=VPfAmeWCVUDOQjs-","https://m.youtube.com/watch?v=7jjcAuEYW9M&pp=0gcJCX4JAYcqIYzv","https://m.youtube.com/watch?v=7wWJJtIbiHk","https://m.youtube.com/watch?v=wjsmX-R4Taw","https://m.youtube.com/watch?v=gwMJ_o8FXt0","https://m.youtube.com/watch?v=qexqsEjfpvo","https://m.youtube.com/watch?v=uRMvN53QGdg","https://m.youtube.com/watch?v=3ivoqs5Yc34","https://m.youtube.com/watch?v=8bo9yZvedUM&pp=0gcJCX4JAYcqIYzv","https://m.youtube.com/watch?v=kqYNO3xOi2Y","https://m.youtube.com/watch?v=9VH8lvZ-Z1g",""
"2025/04/14 9:26:36 AM AST","https://www.youtube.com/watch?v=VuPirIzU9gQ","https://www.youtube.com/watch?v=RnU9SbqwudQ","https://www.youtube.com/watch?v=zyXm8NGnjcE","https://www.youtube.com/watch?v=n61ULEU7CO0","https://www.youtube.com/watch?v=7wWJJtIbiHk","https://www.youtube.com/watch?v=wjsmX-R4Taw","https://www.youtube.com/watch?v=6S6glunZX-E","https://www.youtube.com/watch?v=xhrE4M8J3FU","https://www.youtube.com/watch?v=4fezP875xOQ","https://www.youtube.com/watch?v=BYMqvahuFUQ","https://www.youtube.com/watch?v=15gn_V6ltyU","https://www.youtube.com/watch?v=6S6glunZX-E","https://www.youtube.com/watch?v=qocuPRdkdaI","https://www.youtube.com/watch?v=G05GYZ0eMIU","https://www.youtube.com/watch?v=Er4oqBGuhkw","https://www.youtube.com/watch?v=THh4fT0O7IY","https://www.youtube.com/watch?v=aKrSBz3ez5A","https://www.youtube.com/watch?v=xhrE4M8J3FU","https://www.youtube.com/watch?v=vNfs7VU_hrQ","https://www.youtube.com/watch?v=j-C3umWqzio",""
"2025/04/14 9:26:42 AM AST","https://www.youtube.com/watch?v=2-uOAvl6Sdc","https://www.youtube.com/watch?v=vjDYfvPW4mA&pp=0gcJCX4JAYcqIYzv","https://www.youtube.com/watch?v=qJZ1Ez28C-A","https://www.youtube.com/watch?v=EpqarCB9UD8","https://www.youtube.com/watch?v=094y1Z2wpJg","https://www.youtube.com/watch?v=zW5nZ0Hp95k","https://www.youtube.com/watch?v=24GfgNtnjXc","https://www.youtube.com/watch?v=DJ8zn6ruYks","https://www.youtube.com/watch?v=QzP3vx8XadU&pp=0gcJCX4JAYcqIYzv","https://www.youtube.com/watch?v=hqGjzCatL6Y","https://www.youtube.com/watch?v=7jjcAuEYW9M","https://www.youtube.com/watch?v=7wWJJtIbiHk","https://www.youtube.com/watch?v=zyXm8NGnjcE","https://www.youtube.com/watch?v=4fezP875xOQ","https://www.youtube.com/watch?v=6S6glunZX-E&pp=0gcJCX4JAYcqIYzv","https://www.youtube.com/watch?v=6S6glunZX-E&pp=0gcJCX4JAYcqIYzv","https://www.youtube.com/watch?v=rHGGkBbg2Bk","https://www.youtube.com/watch?v=THh4fT0O7IY","https://www.youtube.com/watch?v=ET2y3IipHGM&pp=0gcJCX4JAYcqIYzv","https://www.youtube.com/watch?v=Tx1XIm6q4r4","So glad I got potter puppet pals as that last one"
"2025/04/14 9:28:31 AM AST","https://www.youtube.com/watch?v=7jjcAuEYW9M","https://www.youtube.com/watch?v=7wWJJtIbiHk","https://www.youtube.com/watch?v=6S6glunZX-E","https://www.youtube.com/watch?v=PAORQoMvSdY","https://www.youtube.com/watch?v=aKrSBz3ez5A","https://www.youtube.com/watch?v=wUs7S76CcTA","https://www.youtube.com/watch?v=X-yJhGcS7U4","https://www.youtube.com/watch?v=zW5nZ0Hp95k","https://www.youtube.com/watch?v=CsGYh8AacgY","https://www.youtube.com/watch?v=wjsmX-R4Taw","https://www.youtube.com/watch?v=7jjcAuEYW9M","https://www.youtube.com/watch?v=7wWJJtIbiHk","https://www.youtube.com/watch?v=9GaBMZRHM3U","https://www.youtube.com/watch?v=15gn_V6ltyU&pp=0gcJCX4JAYcqIYzv","https://www.youtube.com/watch?v=Fp5ghKduTK8","https://www.youtube.com/watch?v=6S6glunZX-E","https://www.youtube.com/watch?v=Er4oqBGuhkw","https://www.youtube.com/watch?v=PAORQoMvSdY","https://www.youtube.com/watch?v=THh4fT0O7IY","https://www.youtube.com/watch?v=xhrE4M8J3FU",""
"2025/04/14 9:28:43 AM AST","https://www.youtube.com/watch?v=7jjcAuEYW9M","https://www.youtube.com/watch?v=Ru4a-js4My4","https://www.youtube.com/watch?v=1oQfagXfBqE","https://www.youtube.com/watch?v=6iEyczP0qyQ","https://www.youtube.com/watch?v=jzk2E4UXFFs","https://www.youtube.com/watch?v=-IV8cnGU6YM","https://www.youtube.com/watch?v=TvKJ7uvQPfg","https://www.youtube.com/watch?v=gtLpGOpV6_U","https://www.youtube.com/watch?v=EbaQ5sYYqHE","https://www.youtube.com/watch?v=Oc91iOxcB3c","https://www.youtube.com/watch?v=7jjcAuEYW9M","https://www.youtube.com/watch?v=Ru4a-js4My4","https://www.youtube.com/watch?v=1oQfagXfBqE","https://www.youtube.com/watch?v=6iEyczP0qyQ","https://www.youtube.com/watch?v=jzk2E4UXFFs","https://www.youtube.com/watch?v=M-5EzRdIkAo","https://www.youtube.com/watch?v=lVDoehktzmQ","https://www.youtube.com/watch?v=z2-i-P5gWiI","https://www.youtube.com/watch?v=dC2B1UZ2rwg","https://www.youtube.com/watch?v=8nQUaeidFa8",""
"2025/04/14 9:30:10 AM AST","https://youtu.be/7jjcAuEYW9M?feature=shared","https://youtu.be/7wWJJtIbiHk?feature=shared","https://youtu.be/-R0UYHS8A_A?feature=shared","https://youtu.be/aKrSBz3ez5A?feature=shared","https://youtu.be/I-sH53vXP2A?feature=shared","https://youtu.be/psxLWYt29mk?feature=shared","https://youtu.be/IfhMILe8C84?feature=shared","https://youtu.be/i9sR_T76H34?feature=shared","https://youtu.be/Os47nMrjw_Y?feature=shared","https://youtu.be/Tx1XIm6q4r4?feature=shared","https://youtu.be/7jjcAuEYW9M?si=kYDE6B2b8O-5CUfl","https://youtu.be/h0UACVNflhg?si=ErAPcqusA1zXmpjD","https://youtu.be/7wWJJtIbiHk?si=H0IrncoP8zwP0k7p","https://youtu.be/0wB7iuER2Z0?si=Z-9n8a-zmdzadpFj","https://youtu.be/UwUm0Rw4ccg?si=xSFWBWoaLSTAIE6r","https://youtu.be/15gn_V6ltyU?si=DHquIB16DN6p_ok5","https://youtu.be/2TsnQjEMgCI?si=l6Z8TTLzkA1p1BGB","https://youtu.be/Uaj0D3FzsNw?si=Hc0BF2XzLbGrbZJu","https://youtu.be/aKrSBz3ez5A?si=73OE6CdVecxEmdCp","https://youtu.be/ET2y3IipHGM?si=WmXzDVK8bzQ7Akwa",""
"2025/04/17 10:26:18 AM AST","https://www.youtube.com/watch?v=7jjcAuEYW9M","https://www.youtube.com/watch?v=Au6lM-ubCVI","https://www.youtube.com/watch?v=LZrrtF8Iy8k","https://www.youtube.com/watch?v=nHaiBLeLXjw","https://www.youtube.com/watch?v=mHU-FMO0Xp8","https://www.youtube.com/watch?v=_fyjhsylwZk","https://www.youtube.com/watch?v=jWQx2f-CErU","https://www.youtube.com/watch?v=hVoRXdcCOjw","https://www.youtube.com/watch?v=ca3Rx22xJxw","https://www.youtube.com/watch?v=1EftZvRGquA","https://www.youtube.com/watch?v=-GSnmRZlgc4","https://www.youtube.com/watch?v=N2HQaQJsyQ4","https://www.youtube.com/watch?v=i9sR_T76H34","https://www.youtube.com/watch?v=C1UgGbiUTTo&pp=0gcJCX4JAYcqIYzv","https://www.youtube.com/watch?v=dQw4w9WgXcQ","https://www.youtube.com/watch?v=CsGYh8AacgY&pp=0gcJCX4JAYcqIYzv","https://www.youtube.com/watch?v=iUohO2MSot8","https://www.youtube.com/watch?v=-VzL_v9vp4A","https://www.youtube.com/watch?v=o8GrqUSdzi0","https://www.youtube.com/watch?v=mzABW42AIhM",""
"2025/04/17 10:26:25 AM AST","https://www.youtube.com/watch?v=7jjcAuEYW9M","https://www.youtube.com/watch?v=-ryBqgkOw4U","https://www.youtube.com/watch?v=Tx1XIm6q4r4","https://www.youtube.com/watch?v=yUr8QyTCph8","https://www.youtube.com/watch?v=oZ2BwY-ywWs","https://www.youtube.com/watch?v=XkgMaS5gbaA","https://www.youtube.com/watch?v=AlGtKuQNPqc","https://www.youtube.com/watch?v=AlGtKuQNPqc","https://www.youtube.com/watch?v=FnXLjHtfAIU","https://www.youtube.com/watch?v=JEX4xMBKCbs","https://www.youtube.com/watch?v=7jjcAuEYW9M","https://www.youtube.com/watch?v=X-yJhGcS7U4","https://www.youtube.com/watch?v=V1bFr2SWP1I","https://www.youtube.com/watch?v=-VzL_v9vp4A&pp=0gcJCX4JAYcqIYzv","https://www.youtube.com/watch?v=aKrSBz3ez5A","https://www.youtube.com/watch?v=CsGYh8AacgY&pp=0gcJCX4JAYcqIYzv","https://www.youtube.com/watch?v=N2HQaQJsyQ4","https://www.youtube.com/watch?v=-GSnmRZlgc4","https://www.youtube.com/watch?v=vDuBWmYBCwE","https://www.youtube.com/watch?v=8HhzRd9taEU",""
"2025/04/17 10:27:37 AM AST","https://www.youtube.com/watch?v=7jjcAuEYW9M","https://www.youtube.com/watch?v=ONcY0BM5EAg","https://www.youtube.com/watch?v=8HhzRd9taEU","https://www.youtube.com/watch?v=bMGoMu-CxMY","https://www.youtube.com/watch?v=-GSnmRZlgc4","https://www.youtube.com/watch?v=39ColarOWKo","https://www.youtube.com/watch?v=uMuJxd2Gpxo","https://www.youtube.com/watch?v=V1bFr2SWP1I","https://www.youtube.com/watch?v=X-yJhGcS7U4","https://www.youtube.com/watch?v=Ru4a-js4My4","https://youtu.be/7jjcAuEYW9M?si=iGpXb7NlYeTBlIMR","https://youtu.be/V1bFr2SWP1I?si=HiEVCGBv7HJrq3f9","https://youtu.be/X-yJhGcS7U4?si=PCQUvyUT01syDXUu","https://youtu.be/W_Q_2H1NUmc?si=mp_clQMNS4bTyBLp","https://youtu.be/-VzL_v9vp4A?si=bRosVkgMxsw9x65W","https://youtu.be/CsGYh8AacgY?si=dSRmuxJM2rUrBxax","https://youtu.be/aKrSBz3ez5A?si=wYX2DL8Xid6cB3uU","https://youtu.be/N2HQaQJsyQ4?si=HstbV5tW8oGqxRnS","https://youtu.be/-GSnmRZlgc4?si=tNYQZi4l6m0-cPA9","https://youtu.be/zgaCZOQCpp8?si=2l1WRM0kI-wnkTCU",""
"2025/04/17 10:31:09 AM AST","https://www.youtube.com/watch?v=7jjcAuEYW9M&pp=0gcJCewBSCBzzxdG","https://www.youtube.com/watch?v=JRB375xLSfQ&pp=0gcJCewBSCBzzxdG","https://www.youtube.com/watch?v=gfXMnVqicbs","https://www.youtube.com/watch?v=kVcW7u4vE50","https://www.youtube.com/watch?v=Tx1XIm6q4r4&pp=0gcJCewBSCBzzxdG","https://www.youtube.com/watch?v=wOEKdWrtz6U","https://www.youtube.com/watch?v=YC1fGBHihO4","https://www.youtube.com/watch?v=IfhMILe8C84","https://www.youtube.com/watch?v=1RKqOmSkGgM&pp=0gcJCewBSCBzzxdG","https://www.youtube.com/watch?v=IDeCrl4dSw0","https://www.youtube.com/watch?v=7jjcAuEYW9M","https://www.youtube.com/watch?v=sHi6LCx6Lx8","https://www.youtube.com/watch?v=N2HQaQJsyQ4","https://www.youtube.com/watch?v=v3mTRLpA2Rk","https://www.youtube.com/watch?v=i9sR_T76H34","https://www.youtube.com/watch?v=6iEyczP0qyQ","https://www.youtube.com/watch?v=-GSnmRZlgc4","https://www.youtube.com/watch?v=mvjygyg4-3g","https://www.youtube.com/watch?v=mzABW42AIhM","https://www.youtube.com/watch?v=0-rg7EIt1x4&pp=0gcJCX4JAYcqIYzv",""
"2025/04/17 10:31:29 AM AST","https://www.youtube.com/watch?v=6iEyczP0qyQ","https://www.youtube.com/watch?v=k65aYZRpK3Q","https://www.youtube.com/watch?v=IfhMILe8C84","https://www.youtube.com/watch?v=YppEl8OUICA","https://www.youtube.com/watch?v=Tn7g2cn7iBo","https://www.youtube.com/watch?v=TrdJQJ_RXrQ","https://www.youtube.com/watch?v=CsGYh8AacgY","https://www.youtube.com/watch?v=-TTD6XjuNeM","https://www.youtube.com/watch?v=4cfmEgpOOZk","https://www.youtube.com/watch?v=i9jYQDpIU-8","https://www.youtube.com/watch?v=6zLDaL4p1r8","https://www.youtube.com/watch?v=V1bFr2SWP1I","https://www.youtube.com/watch?v=pAsmrKyMqaA","https://www.youtube.com/watch?v=-VzL_v9vp4A","https://www.youtube.com/watch?v=aKrSBz3ez5A","https://www.youtube.com/watch?v=HUngLgGRJpo","https://www.youtube.com/watch?v=8HhzRd9taEU&pp=0gcJCX4JAYcqIYzv","https://www.youtube.com/watch?v=Q096w0Fz2p4","https://www.youtube.com/watch?v=pvuN_WvF1to","https://www.youtube.com/watch?v=9VH8lvZ-Z1g","Thank you! "
"2025/04/17 10:31:42 AM AST","https://www.youtube.com/watch?v=7jjcAuEYW9M&pp=0gcJCewBSCBzzxdG","https://www.youtube.com/watch?v=0wB7iuER2Z0&pp=0gcJCewBSCBzzxdG","https://www.youtube.com/watch?v=ARCb-UcNm1s","https://www.youtube.com/watch?v=ps3u3nBGGPY","https://www.youtube.com/watch?v=aKrSBz3ez5A","https://www.youtube.com/watch?v=qn8yv8J8dO0","https://www.youtube.com/watch?v=lBE-EzFh9nk","https://www.youtube.com/watch?v=PAORQoMvSdY","https://www.youtube.com/watch?v=THh4fT0O7IY","https://www.youtube.com/watch?v=NmqXEXJBoog","https://www.youtube.com/watch?v=7jjcAuEYW9M","https://www.youtube.com/watch?v=CsGYh8AacgY","https://www.youtube.com/watch?v=V1bFr2SWP1I","https://www.youtube.com/watch?v=8HhzRd9taEU","https://www.youtube.com/watch?v=m9-8mcC1Sbs&pp=0gcJCX4JAYcqIYzv","https://www.youtube.com/watch?v=THh4fT0O7IY","https://www.youtube.com/watch?v=6iEyczP0qyQ","https://www.youtube.com/watch?v=I8gXFQEALk0","https://www.youtube.com/watch?v=Y8n1F_vsFzc","https://www.youtube.com/watch?v=gz9BRl7DVSM",""
"2025/04/17 10:33:18 AM AST","https://www.youtube.com/watch?v=7jjcAuEYW9M","https://www.youtube.com/watch?v=YjLV08ozYG0","https://www.youtube.com/watch?v=kdCbl24oxio","https://www.youtube.com/watch?v=CsGYh8AacgY","https://www.youtube.com/watch?v=8HhzRd9taEU","https://www.youtube.com/watch?v=cuBce1nsml4","https://www.youtube.com/watch?v=wI00QO2A2j4&pp=0gcJCX4JAYcqIYzv","https://www.youtube.com/watch?v=qBUSheLQ5e0","https://www.youtube.com/watch?v=X711ZYojdj8","https://www.youtube.com/watch?v=Ee72TCtK8b8","https://www.youtube.com/watch?v=7jjcAuEYW9M","https://www.youtube.com/watch?v=V1bFr2SWP1I","https://www.youtube.com/watch?v=-VzL_v9vp4A","https://www.youtube.com/watch?v=aKrSBz3ez5A","https://www.youtube.com/watch?v=N2HQaQJsyQ4","https://www.youtube.com/watch?v=CsGYh8AacgY","https://www.youtube.com/watch?v=zgaCZOQCpp8","https://www.youtube.com/watch?v=-GSnmRZlgc4&pp=0gcJCX4JAYcqIYzv","https://www.youtube.com/watch?v=vDuBWmYBCwE","https://www.youtube.com/watch?v=8HhzRd9taEU",""
"2025/04/17 10:33:34 AM AST","https://youtu.be/7jjcAuEYW9M?feature=shared","https://youtu.be/4fezP875xOQ?si=ZR52koSdYeKI53Ef","https://youtu.be/THh4fT0O7IY?si=eraOd0SLEq7HrtjI","https://youtu.be/xjV3CEBxOiQ?si=TVbANnYOkG17Xupk","https://youtu.be/ARCb-UcNm1s?si=jg7OTMFNQTyMRPDp","https://youtu.be/V1bFr2SWP1I?si=PGGm4T1O0p8wTzxo","https://youtu.be/39ColarOWKo?si=P4QEoy5eJ5gHUSqt","https://youtu.be/8HhzRd9taEU?si=_F9A0_bZ2tG5gpEy","https://youtu.be/CsGYh8AacgY?si=F7NXf41ulcymP2da","https://youtu.be/lBE-EzFh9nk?si=6OzDJqLVySA40Ypa","https://youtu.be/7jjcAuEYW9M?si=aeD0a0crfpTda1YD","https://youtu.be/N2HQaQJsyQ4?si=xHfH6Fsyqimisb4X","https://youtu.be/aKrSBz3ez5A?si=L96Xf8S3PP7WXNWD","https://youtu.be/6VioGkfe7Ys?si=wA3i_uUvVOYzm4FD","https://youtu.be/0Losyoi_t84?si=f0LiaAUI2mUlqvjc","https://youtu.be/8HhzRd9taEU?si=ZZL2XZ72SW7Jwfwi","https://youtu.be/5OgJvLCwCQ4?si=0q-ytvMxSQBkazIl","https://youtu.be/Xu4qqpjWbvI?si=UOYLlkiWC-PHnuxx","https://youtu.be/6Y3YPDXlPAo?si=Y3MaAqsdnl8OZD0I","https://youtu.be/qn8yv8J8dO0?si=i4ZOrDCotInqoM-U",""
"2025/04/17 10:34:06 AM AST","https://youtu.be/7jjcAuEYW9M?feature=shared","https://youtu.be/6iEyczP0qyQ?feature=shared","https://youtu.be/0wB7iuER2Z0?feature=shared","https://youtu.be/aKrSBz3ez5A?feature=shared","https://youtu.be/CsGYh8AacgY?feature=shared","https://youtu.be/lBE-EzFh9nk?feature=shared","https://youtu.be/TvKJ7uvQPfg?feature=shared","https://youtu.be/ARCb-UcNm1s?feature=shared","https://youtu.be/8HhzRd9taEU?feature=shared","https://youtu.be/-IV8cnGU6YM?feature=shared","https://youtu.be/7jjcAuEYW9M?si=_AZS_f3aZrnyF9_9","https://youtu.be/5_ShP3fiEhU?si=Zn0ZVHk1ZprQ6Dhg","https://youtu.be/yU2GqcjJcdM?si=Ie6dzDTk9wduF9FJ","https://youtu.be/N2HQaQJsyQ4?si=v8ormvol40Qi7ovt","https://youtu.be/-VzL_v9vp4A?si=eAPWCzTojvsya_7K","https://youtu.be/aKrSBz3ez5A?si=4bxPpXck981d8zxn","https://youtu.be/tquErGz0f-o?si=92wywhtPT5oIggYg","https://youtu.be/6VioGkfe7Ys?si=qZviG-9tF3mwDDC3","https://youtu.be/CevxZvSJLk8?si=9KqHI3WtskVDQgIg","https://youtu.be/mvjygyg4-3g?si=ZWFCBGbuQxDuRXvk","21"
"2025/04/17 10:35:19 AM AST","https://www.youtube.com/watch?v=7jjcAuEYW9M","https://www.youtube.com/watch?v=pbTO0w-fWKE","https://www.youtube.com/watch?v=5OgJvLCwCQ4","https://www.youtube.com/watch?v=wI00QO2A2j4","https://www.youtube.com/watch?v=zWwrzfsUJVg","https://www.youtube.com/watch?v=pYntHzNGN5A","https://www.youtube.com/watch?v=2hhrI-BgBW8","https://www.youtube.com/watch?v=BWKVn4wHSEE","https://www.youtube.com/watch?v=1RKqOmSkGgM","https://www.youtube.com/watch?v=X8Ch0REAPwA","https://www.youtube.com/watch?v=xJLtzPNxEhw&list=RDxJLtzPNxEhw&start_radio=1&pp=oAcB0gcJCX4JAYcqIYzv","https://www.youtube.com/watch?v=0wB7iuER2Z0","https://www.youtube.com/watch?v=jhdgnWNHYpc","https://www.youtube.com/watch?v=Fp5ghKduTK8&list=RDFp5ghKduTK8&start_radio=1&pp=oAcB","https://www.youtube.com/watch?v=lBE-EzFh9nk","https://www.youtube.com/watch?v=xhrE4M8J3FU&list=RDxhrE4M8J3FU&start_radio=1&pp=oAcB","https://www.youtube.com/watch?v=6VioGkfe7Ys","https://www.youtube.com/watch?v=H94ntp93SGY","https://www.youtube.com/watch?v=qn8yv8J8dO0","https://www.youtube.com/watch?v=-GSnmRZlgc4",""
"2025/04/17 10:35:52 AM AST","https://www.youtube.com/watch?v=odFTqgm0984","https://www.youtube.com/watch?v=IhgxZ8tmBxU&list=RDIhgxZ8tmBxU&start_radio=1&pp=oAcB","https://www.youtube.com/watch?v=xXalQ1ZEn7s&t=923s","https://www.youtube.com/watch?v=-lSL9HqQp7g","https://www.youtube.com/watch?v=_cr46G2K5Fo","https://www.youtube.com/watch?v=0MDzvjT0QG8","https://www.youtube.com/watch?v=5puziyf8nSo","https://www.youtube.com/watch?v=CsGYh8AacgY","https://www.youtube.com/watch?v=-luF0nLlM3A&pp=0gcJCX4JAYcqIYzv","https://www.youtube.com/watch?v=vZAPzdvOIg4","https://www.youtube.com/watch?v=V1bFr2SWP1I&pp=0gcJCX4JAYcqIYzv","https://www.youtube.com/watch?v=-GSnmRZlgc4","https://www.youtube.com/watch?v=mzABW42AIhM&pp=0gcJCX4JAYcqIYzv","https://www.youtube.com/watch?v=UyqnRW-CZs4","https://www.youtube.com/watch?v=IJNR2EpS0jw","https://www.youtube.com/watch?v=AGShYg_Mz_c","https://www.youtube.com/watch?v=LACbVhgtx9I","https://www.youtube.com/watch?v=-VzL_v9vp4A","https://www.youtube.com/watch?v=eiQ-TCse-Uo","https://www.youtube.com/watch?v=dQw4w9WgXcQ",""
"2025/04/17 4:15:53 PM AST","https://www.youtube.com/watch?v=7jjcAuEYW9M","https://www.youtube.com/watch?v=IJNR2EpS0jw","https://www.youtube.com/watch?v=gfXMnVqicbs","https://www.youtube.com/watch?v=mQnmiOfcVeo","https://www.youtube.com/watch?v=LBDCQfju1cY","https://www.youtube.com/watch?v=frc6MjGhh5A","https://www.youtube.com/watch?v=gwjWE7_Dm3A","https://www.youtube.com/watch?v=Ig7QiZliFzo","https://www.youtube.com/watch?v=Jp1Z91LdO00","https://www.youtube.com/watch?v=bzH0Q5KkwXI","https://www.youtube.com/watch?v=lE9dYGzs3RQ","https://www.youtube.com/watch?v=Xu4qqpjWbvI&pp=0gcJCX4JAYcqIYzv","https://www.youtube.com/watch?v=Mc5HHQebHcM","https://www.youtube.com/watch?v=ivmbuTRCJvo","https://www.youtube.com/watch?v=THh4fT0O7IY","https://www.youtube.com/watch?v=KjqtDep5mT0","https://www.youtube.com/watch?v=oC2o2-Nteyw"," https://www.youtube.com/watch?v=HDCfV4s__Pg","https://www.youtube.com/watch?v=9tvKby6YNJQ","https://www.youtube.com/watch?v=9tvKby6YNJQ","I think that for my personalized window, the algorithm did not fully align with my preferences. More than half of the recommended videos were related to the original video, though there were some songs included, so I guess the algorithm reacted to that. The personalized window was much better than the incognito window, though, because in incognito mode, the algorithm seemed to think I was a child and recommended some absurd videos that I genuinely would not watch. What I find interesting is that the videos recommended in incognito mode seemed more appropriate for 6-12-year-olds, but based on the ""Duck Song,"" I would assume the viewer was a baby or toddler. So, the algorithm did not do a great job there either."
"2025/04/17 10:22:54 PM AST","https://www.youtube.com/watch?v=Hq4zojZY2fM","https://www.youtube.com/watch?v=sHi6LCx6Lx8","https://www.youtube.com/watch?v=KDorKy-13ak&list=RDKDorKy-13ak&start_radio=1&pp=oAcB","https://www.youtube.com/watch?v=aKrSBz3ez5A","https://www.youtube.com/watch?v=V1bFr2SWP1I&list=RDV1bFr2SWP1I&start_radio=1&pp=oAcB","https://www.youtube.com/watch?v=9VH8lvZ-Z1g&pp=0gcJCX4JAYcqIYzv","https://www.youtube.com/watch?v=tpg3VvoIVfA","https://www.youtube.com/watch?v=-GSnmRZlgc4","https://www.youtube.com/watch?v=CsGYh8AacgY","https://www.youtube.com/watch?v=TvKJ7uvQPfg&list=RDTvKJ7uvQPfg&start_radio=1&pp=oAcB","https://www.youtube.com/watch?v=lIX-AzqQuKk","https://www.youtube.com/watch?v=aKrSBz3ez5A","https://www.youtube.com/watch?v=tQlzkpxRskY","https://www.youtube.com/watch?v=oC2o2-Nteyw","https://www.youtube.com/watch?v=JgiklwKnHhg","https://www.youtube.com/watch?v=EyVcGAY2o9c","https://www.youtube.com/watch?v=qaLtXugfmrQ","https://www.youtube.com/watch?v=lE9dYGzs3RQ","https://www.youtube.com/watch?v=6VioGkfe7Ys","https://www.youtube.com/watch?v=6Y3YPDXlPAo",""
"2025/04/17 11:27:58 PM AST","https://www.youtube.com/watch?v=7jjcAuEYW9M","https://www.youtube.com/watch?v=a0IzfEbDQ8s","https://www.youtube.com/watch?v=5H79NPBvio4","https://www.youtube.com/watch?v=5H79NPBvio4","https://www.youtube.com/watch?v=IfhMILe8C84","https://www.youtube.com/watch?v=dwY7w0k3j2Y&pp=0gcJCX4JAYcqIYzv","https://www.youtube.com/watch?v=8HhzRd9taEU","https://www.youtube.com/watch?v=THXy7orjLO4&pp=0gcJCX4JAYcqIYzv","https://www.youtube.com/watch?v=2m6GgljJH40","https://www.youtube.com/watch?v=FnXLjHtfAIU","https://www.youtube.com/watch?v=7jjcAuEYW9M","https://www.youtube.com/watch?v=bMGoMu-CxMY","https://www.youtube.com/watch?v=6Y3YPDXlPAo","https://www.youtube.com/watch?v=_lK4cX5xGiQ","https://www.youtube.com/watch?v=_lK4cX5xGiQ","https://www.youtube.com/watch?v=8HhzRd9taEU","https://www.youtube.com/watch?v=JwtDtF3DHYQ","https://www.youtube.com/watch?v=LACbVhgtx9I","https://www.youtube.com/watch?v=1Rhb8Q9CPjQ","https://www.youtube.com/watch?v=h_D3VFfhvs4",""
"2025/04/18 9:42:35 AM AST","https://www.youtube.com/watch?v=7jjcAuEYW9M&list=RD7jjcAuEYW9M&start_radio=1&pp=oAcB","https://www.youtube.com/watch?v=Ru4a-js4My4&list=RDRu4a-js4My4&start_radio=1&pp=oAcB","https://www.youtube.com/watch?v=6Y3YPDXlPAo","https://www.youtube.com/watch?v=CsGYh8AacgY","https://www.youtube.com/watch?v=ZlDeUVvtsZ4&list=RDZlDeUVvtsZ4&start_radio=1&pp=oAcB","https://www.youtube.com/watch?v=ZlDeUVvtsZ4&list=RDZlDeUVvtsZ4&start_radio=1&pp=oAcB","https://www.youtube.com/watch?v=mzABW42AIhM","https://www.youtube.com/watch?v=paHE4L-x490&list=RDpaHE4L-x490&start_radio=1&pp=oAcB","https://www.youtube.com/watch?v=aKrSBz3ez5A","https://www.youtube.com/watch?v=1W9YCSLKf-0","https://www.youtube.com/watch?v=7jjcAuEYW9M","https://www.youtube.com/watch?v=oArkv9osIx4","https://www.youtube.com/watch?v=qc3kD-241NE","https://www.youtube.com/watch?v=J75GuCvhLAE","https://www.youtube.com/watch?v=EiodE9sE1jo","https://www.youtube.com/watch?v=wjsmX-R4Taw","https://www.youtube.com/watch?v=d5MjLfo2mus","https://www.youtube.com/watch?v=tehvSP4WJmQ","https://www.youtube.com/watch?v=eiQ-TCse-Uo","https://www.youtube.com/watch?v=IJNR2EpS0jw",""
"2025/04/18 11:13:05 AM AST","https://www.youtube.com/watch?v=7jjcAuEYW9M","https://www.youtube.com/watch?v=CsGYh8AacgY","https://www.youtube.com/watch?v=xyC0hFuz73E","https://www.youtube.com/watch?v=SWghiMUm_qc","https://www.youtube.com/watch?v=wjsmX-R4Taw","https://www.youtube.com/watch?v=X-yJhGcS7U4","https://www.youtube.com/watch?v=THh4fT0O7IY","https://www.youtube.com/watch?v=Tx1XIm6q4r4","https://www.youtube.com/watch?v=39ColarOWKo","https://www.youtube.com/watch?v=puQJNPaGcYc","https://www.youtube.com/watch?v=7jjcAuEYW9M","https://www.youtube.com/watch?v=N2HQaQJsyQ4","https://www.youtube.com/watch?v=6VioGkfe7Ys","https://www.youtube.com/watch?v=qn8yv8J8dO0","https://www.youtube.com/watch?v=qBUSheLQ5e0","https://www.youtube.com/watch?v=0Losyoi_t84","https://www.youtube.com/watch?v=lBE-EzFh9nk","https://www.youtube.com/watch?v=39ColarOWKo","https://www.youtube.com/watch?v=HDCfV4s__Pg","https://www.youtube.com/watch?v=OobR681KUTo","Although I am not a frequenter of the duck song, I did think it was interesting how similar the videos featured on my actual account and incognito mode were. I don't use YouTube that much compared to other social media platforms or other things that would have my algorithm, but I thought there would be more difference between the two algorithms. "
"2025/04/18 1:19:11 PM AST","https://www.youtube.com/watch?v=7jjcAuEYW9M","https://www.youtube.com/watch?v=eNptnCkCoVk","https://www.youtube.com/watch?v=JN1oBfg0fwI","https://www.youtube.com/watch?v=UQqTieUiN5c&pp=0gcJCX4JAYcqIYzv","https://www.youtube.com/watch?v=cGa_7DIUuVk","https://www.youtube.com/watch?v=9OPyZMVBO9o","https://www.youtube.com/watch?v=5h0W9BBtd9s","https://www.youtube.com/watch?v=o_1GzmjOvKQ","https://www.youtube.com/watch?v=YRcvta0_3T0","https://www.youtube.com/watch?v=gMp0SlkVU8w","https://www.youtube.com/watch?v=7jjcAuEYW9M","https://www.youtube.com/watch?v=OobR681KUTo&pp=0gcJCX4JAYcqIYzv","https://www.youtube.com/watch?v=THh4fT0O7IY","https://www.youtube.com/watch?v=bMGoMu-CxMY","https://www.youtube.com/watch?v=oC2o2-Nteyw","https://www.youtube.com/watch?v=eVbmN3ez4SQ","https://www.youtube.com/watch?v=aKrSBz3ez5A","https://www.youtube.com/watch?v=6VioGkfe7Ys","https://www.youtube.com/watch?v=X-yJhGcS7U4","https://www.youtube.com/watch?v=39ColarOWKo",""
"2025/04/18 3:21:23 PM AST","https://www.youtube.com/watch?v=7jjcAuEYW9M","https://www.youtube.com/watch?v=Ru4a-js4My4","https://www.youtube.com/watch?v=1oQfagXfBqE","https://www.youtube.com/watch?v=6iEyczP0qyQ","https://www.youtube.com/watch?v=jzk2E4UXFFs","https://www.youtube.com/watch?v=-IV8cnGU6YM","https://www.youtube.com/watch?v=TvKJ7uvQPfg","https://www.youtube.com/watch?v=gtLpGOpV6_U","https://www.youtube.com/watch?v=i6AHys3pwyc","https://www.youtube.com/watch?v=wEFz0gRoXxg","https://www.youtube.com/watch?v=oC2o2-Nteyw","https://www.youtube.com/watch?v=-EWv6dER2Dw","https://www.youtube.com/watch?v=p2w7RfF1cr0","https://www.youtube.com/watch?v=xumBUuqmi5M","https://www.youtube.com/watch?v=90ZsqXS8ZTs","https://www.youtube.com/watch?v=pVUBm7ZAheQ","https://www.youtube.com/watch?v=3bea58nci9s","https://www.youtube.com/watch?v=Gann95vNMVI","https://www.youtube.com/watch?v=aYvTlmI86BE","https://www.youtube.com/watch?v=xwXM94kA3BM",":D"
"2025/04/19 2:00:12 PM AST","https://www.youtube.com/watch?v=7jjcAuEYW9M","https://www.youtube.com/watch?v=8HhzRd9taEU","https://www.youtube.com/watch?v=THh4fT0O7IY","https://www.youtube.com/watch?v=Q096w0Fz2p4","https://www.youtube.com/watch?v=H94ntp93SGY"," https://www.youtube.com/watch?v=6Y3YPDXlPAo","https://www.youtube.com/watch?v=fjR0uUKZCpY","https://www.youtube.com/watch?v=uMuJxd2Gpxo","https://www.youtube.com/watch?v=0FEVmjeS6XM","https://www.youtube.com/watch?v=N2HQaQJsyQ4","https://www.youtube.com/watch?v=7jjcAuEYW9M","https://www.youtube.com/watch?v=sHi6LCx6Lx8","https://www.youtube.com/watch?v=6iEyczP0qyQ","https://www.youtube.com/watch?v=fLexgOxsZu0"," https://www.youtube.com/watch?v=YdFT5jfY_3I","https://www.youtube.com/watch?v=vh9No2Mum5c","https://www.youtube.com/watch?v=TvKJ7uvQPfg","https://www.youtube.com/watch?v=XpHu5od9shg","https://www.youtube.com/watch?v=XJbowRRA9vA","https://www.youtube.com/watch?v=IJNR2EpS0jw",""
"2025/04/19 6:00:24 PM AST","https://www.youtube.com/watch?v=bl2C2KSSQao","https://www.youtube.com/watch?v=I-sH53vXP2A","https://www.youtube.com/watch?v=OQaLic5SE_I","https://www.youtube.com/watch?v=tqTbAb2SPbE","https://www.youtube.com/watch?v=Tx1XIm6q4r4","https://www.youtube.com/watch?v=IOdmvevyFBM","https://www.youtube.com/watch?v=zmf8pZSnPC0","https://www.youtube.com/watch?v=CsGYh8AacgY","https://www.youtube.com/watch?v=BKwUCmgGeiM","https://www.youtube.com/watch?v=l7w2uPqmdJw","https://www.youtube.com/watch?v=HK2QdT85a7k","https://www.youtube.com/watch?v=aKrSBz3ez5A","https://www.youtube.com/watch?v=tSjkAgKAiTs","https://www.youtube.com/watch?v=oC2o2-Nteyw","https://www.youtube.com/watch?v=6VioGkfe7Ys&pp=0gcJCX4JAYcqIYzv","https://www.youtube.com/watch?v=XG1wg3ELG9w","https://www.youtube.com/watch?v=6Y3YPDXlPAo","https://www.youtube.com/watch?v=lE9dYGzs3RQ","https://www.youtube.com/watch?v=03srS0cPpJ0","https://www.youtube.com/watch?v=TvKJ7uvQPfg&list=RDTvKJ7uvQPfg&start_radio=1&pp=oAcB","N/A"
"2025/04/20 2:37:03 AM AST","https://www.youtube.com/watch?v=LgG8PQCwjYw","https://www.youtube.com/watch?v=liKLGByHjqY","https://www.youtube.com/watch?v=nZH2TmwNwHM&pp=0gcJCX4JAYcqIYzv","https://www.youtube.com/watch?v=pVhTmxncA20","https://www.youtube.com/watch?v=oa0ztfwY5Vc","https://www.youtube.com/watch?v=Ig91Z0-rBfo&t=206s","https://www.youtube.com/watch?v=E9VXM0pYTFI","https://www.youtube.com/watch?v=yOw_PuwgWtc","https://www.youtube.com/watch?v=4XNG7tmIQx4&list=RDMM&start_radio=1&rv=MtN1YnoL46Q","https://www.youtube.com/watch?v=KA1VGsCgXAE&pp=0gcJCX4JAYcqIYzv","https://www.youtube.com/watch?v=oC2o2-Nteyw","https://www.youtube.com/watch?v=aKrSBz3ez5A","https://www.youtube.com/watch?v=OQaLic5SE_I","https://www.youtube.com/watch?v=puQJNPaGcYc","https://www.youtube.com/watch?v=bk46yniQUto","https://www.youtube.com/watch?v=bk46yniQUto","https://www.youtube.com/watch?v=Tx1XIm6q4r4","https://www.youtube.com/watch?v=6Y3YPDXlPAo&pp=0gcJCX4JAYcqIYzv","https://www.youtube.com/watch?v=Ezz3r64DwSY","https://www.youtube.com/watch?v=LACbVhgtx9I","I thought the experiment was pretty interesting, and I'm curious about the results. Looking forward to the findings of this research."
"2025/04/20 9:47:01 AM AST","https://youtu.be/7jjcAuEYW9M?feature=shared","https://youtu.be/aKrSBz3ez5A?feature=shared","https://youtu.be/39ColarOWKo?feature=shared","https://youtu.be/THh4fT0O7IY?feature=shared","https://youtu.be/6Y3YPDXlPAo?feature=shared","https://youtu.be/lE9dYGzs3RQ?feature=shared","https://youtu.be/xzz6dwKtbqI?feature=shared","https://youtu.be/03srS0cPpJ0?feature=shared","https://youtu.be/aKrSBz3ez5A?feature=shared","https://youtu.be/Ru4a-js4My4?feature=shared","https://youtu.be/7jjcAuEYW9M?feature=shared","https://youtu.be/6Y3YPDXlPAo?feature=shared","https://youtu.be/03srS0cPpJ0?feature=shared","https://youtu.be/oC2o2-Nteyw?feature=shared","https://youtu.be/lE9dYGzs3RQ?feature=shared","https://youtu.be/THh4fT0O7IY?feature=shared","https://youtu.be/Oc91iOxcB3c?feature=shared","https://youtu.be/oC2o2-Nteyw?feature=shared","https://youtu.be/OQaLic5SE_I?feature=shared","https://youtu.be/DnPATG8fE3o?feature=shared",""
"2025/04/20 10:20:58 AM AST","https://www.youtube.com/watch?v=7jjcAuEYW9M","https://www.youtube.com/watch?v=BWHm5u_lbFs","https://www.youtube.com/watch?v=BhTIzhAn62s","https://www.youtube.com/watch?v=ecechHEtkYU","https://www.youtube.com/watch?v=BI6HIXXGTpU&pp=0gcJCX4JAYcqIYzv","https://www.youtube.com/watch?v=98tNTEugqOY","https://www.youtube.com/watch?v=U94xk03CnZs","https://www.youtube.com/watch?v=CsGYh8AacgY","https://www.youtube.com/watch?v=nSdvj6yphoY","https://www.youtube.com/watch?v=HptHiJJJwBM","https://www.youtube.com/watch?v=7jjcAuEYW9M","https://www.youtube.com/watch?v=V1bFr2SWP1I&pp=0gcJCX4JAYcqIYzv","https://www.youtube.com/watch?v=0-rg7EIt1x4","https://www.youtube.com/watch?v=03srS0cPpJ0","https://www.youtube.com/watch?v=XURK8QTPh4c","https://www.youtube.com/watch?v=oC2o2-Nteyw","https://www.youtube.com/watch?v=6VioGkfe7Ys","https://www.youtube.com/watch?v=tQlzkpxRskY","https://www.youtube.com/watch?v=6Y3YPDXlPAo","https://www.youtube.com/watch?v=EyVcGAY2o9c",""
"2025/04/20 3:22:03 PM AST","https://www.youtube.com/watch?v=7jjcAuEYW9M","https://www.youtube.com/watch?v=lcjdwSY2AzM&pp=0gcJCewBSCBzzxdG","https://www.youtube.com/watch?v=uT2aO0SD2C0","https://www.youtube.com/watch?v=xwxC4MAgXEk","https://www.youtube.com/watch?v=w5SRH6Ac1LI","https://www.youtube.com/watch?v=t_N3UgTL8s0","https://www.youtube.com/watch?v=eCgWqeyJFFQ","https://www.youtube.com/watch?v=mQER0A0ej0M&pp=0gcJCewBSCBzzxdG","https://www.youtube.com/watch?v=_SEQyhir4iE","https://www.youtube.com/watch?v=gAYL5H46QnQ","https://www.youtube.com/watch?v=7jjcAuEYW9M","https://www.youtube.com/watch?v=oArkv9osIx4","https://www.youtube.com/watch?v=oC2o2-Nteyw","https://www.youtube.com/watch?v=03srS0cPpJ0","https://www.youtube.com/watch?v=wjsmX-R4Taw","https://www.youtube.com/watch?v=lE9dYGzs3RQ","https://www.youtube.com/watch?v=6Y3YPDXlPAo","https://www.youtube.com/watch?v=qn8yv8J8dO0","https://www.youtube.com/watch?v=5OgJvLCwCQ4","https://www.youtube.com/watch?v=tehvSP4WJmQ&pp=0gcJCX4JAYcqIYzv",""
"2025/04/20 3:32:21 PM AST","https://youtu.be/7jjcAuEYW9M?si=ILCC24cX9apdp8Q3","https://youtu.be/2vnbxNgHW1Y?si=4jnX4kmV7C1y3Owy","https://youtu.be/gfXMnVqicbs?si=n1RbB5ccYdfouFgo","https://youtu.be/75NLpCz_4yM?si=hdYRbO9Bx59K25eC","https://youtu.be/CsGYh8AacgY?si=IviaDqkIq4pRo_xZ","https://youtu.be/UcxByX6rh24?si=JqtMApmLJsh2awAk","https://youtu.be/brnafxH_0E8?si=DcIYOCbw5aubvWE4","https://youtu.be/g_egyx3GLys?si=7ENMCQSDrqNOYLcF","https://youtu.be/8HhzRd9taEU?si=ioIb4ZUG7h3dTG-H","https://youtu.be/Q096w0Fz2p4?si=L7gv3dtGcOD4Ecpd","https://youtu.be/7jjcAuEYW9M?si=zYNzdp3jqmHQ5jZm","https://youtu.be/tQlzkpxRskY?si=C7I9FaisZDRey7yN","https://youtu.be/oC2o2-Nteyw?si=OXlSTnfgnL9h4Lgs","https://youtu.be/wjsmX-R4Taw?si=-qY191COmOhvoTX3","https://youtu.be/lE9dYGzs3RQ?si=p_kQnT4zb40ba5v8","https://youtu.be/OQaLic5SE_I?si=5qxNKuh6L2Hz6hsY","https://youtu.be/NWd7H-AAQwE?si=xuq62svVt6foXxDv","https://youtu.be/03srS0cPpJ0?si=LMx7LE0clgRAV8Zv","https://youtu.be/6Y3YPDXlPAo?si=bORcKBa1VJN8UWqJ","https://youtu.be/OCF5oahC58Y?si=R5xMfAQzSLcC6zZ7",""
"2025/04/20 3:39:51 PM AST","https://youtu.be/7jjcAuEYW9M?si=Jyd4rPRhWUZbok-o","https://youtu.be/puQJNPaGcYc?si=3mmnngIomd0b1r1y","https://youtu.be/Q096w0Fz2p4?si=SJe4sXjpMLhZeNRv","https://youtu.be/IJNR2EpS0jw?si=hCPkuU660c3_BTyR","https://youtu.be/dZyxheCtYx8?si=dBvoMNHIvxbYzzVS","https://youtu.be/1oQfagXfBqE?si=Li_fYeI4N7mtQptl","https://youtu.be/6iEyczP0qyQ?si=2R4azIsntW38gw41","https://youtu.be/9JgUB_FzXWY?si=YAYUWemQTgdfLBEI","https://youtu.be/2gJSFF_7hOM?si=-oWQUFtk66P8quTO","https://youtu.be/vC6okzIKQvg?si=BQopmURasTX5gj37","https://youtu.be/sBQcYklyEuM?si=2VuX1LLV75VBR1_y","https://youtu.be/sBQcYklyEuM?si=2VuX1LLV75VBR1_y","https://youtu.be/sLoBacOrYWw?si=COeRCXUyxASGD_1i","https://youtu.be/astISOttCQ0?si=_VaaN0IAdu4OaFT9","https://youtu.be/5AfQeemKy_w?si=rxiW8t6w53ZQPtPi","https://youtu.be/_6HzoUcx3eo?si=W1FZ7oSWTB5caOIk","https://youtu.be/LK3C9IytrLI?si=1fGBs0tgG74hz3VZ","https://youtu.be/frN3nvhIHUk?feature=shared","https://youtu.be/3HRkKznJoZA?si=ZQIwi33ce2fXdTpW","https://youtu.be/7eL1Bfv8Y9k?si=cn3wu9p_wMpjE2x8",""
"2025/04/20 3:43:42 PM AST","https://www.youtube.com/watch?v=7jjcAuEYW9M","https://www.youtube.com/watch?v=6NnrLchWdRw","https://www.youtube.com/watch?v=-vrRfORrcYM","https://www.youtube.com/watch?v=jAeQv3FDU0w","https://www.youtube.com/watch?v=ASS6EttbXe8","https://www.youtube.com/watch?v=AlGtKuQNPqc","https://www.youtube.com/watch?v=uDZzhLY_BVo","https://www.youtube.com/watch?v=Tx1XIm6q4r4","https://www.youtube.com/watch?v=1EORbL8N-R8&list=RD1EORbL8N-R8&start_radio=1&rv=MtN1YnoL46Q","https://www.youtube.com/watch?v=Hluf-1XUb2k","https://www.youtube.com/watch?v=03srS0cPpJ0","https://www.youtube.com/watch?v=HK2QdT85a7k","https://www.youtube.com/watch?v=aKrSBz3ez5A","https://www.youtube.com/watch?v=OQaLic5SE_I","https://www.youtube.com/watch?v=oC2o2-Nteyw","https://www.youtube.com/watch?v=EyVcGAY2o9c","https://www.youtube.com/watch?v=6Y3YPDXlPAo","https://www.youtube.com/watch?v=tehvSP4WJmQ","https://www.youtube.com/watch?v=5OgJvLCwCQ4","https://www.youtube.com/watch?v=tQlzkpxRskY",""
"2025/04/20 3:56:29 PM AST","https://www.youtube.com/watch?v=OuTeqsooMRc&pp=0gcJCX4JAYcqIYzv","https://www.youtube.com/watch?v=THh4fT0O7IY","https://www.youtube.com/watch?v=wjsmX-R4Taw","https://www.youtube.com/watch?v=BOBS4eEAAVs","https://www.youtube.com/watch?v=QcOA9jwARuo","https://www.youtube.com/watch?v=sBQcYklyEuM","https://www.youtube.com/watch?v=_-Dkf7vdP5A","https://www.youtube.com/watch?v=RG2IK8oRZNA","https://www.youtube.com/watch?v=ZMsTMuyH7w8","https://www.youtube.com/watch?v=oC2o2-Nteyw","https://www.youtube.com/watch?v=03srS0cPpJ0","https://www.youtube.com/watch?v=CevxZvSJLk8","https://www.youtube.com/watch?v=oArkv9osIx4&pp=0gcJCX4JAYcqIYzv","https://www.youtube.com/watch?v=lE9dYGzs3RQ","https://www.youtube.com/watch?v=eiQ-TCse-Uo","https://www.youtube.com/watch?v=tQlzkpxRskY","https://www.youtube.com/watch?v=tEPrnoV4i9k","https://www.youtube.com/watch?v=HK2QdT85a7k","https://www.youtube.com/watch?v=tehvSP4WJmQ","https://www.youtube.com/watch?v=IJNR2EpS0jw",""
"2025/04/20 4:30:13 PM AST","https://www.youtube.com/watch?v=7jjcAuEYW9M","https://www.youtube.com/watch?v=Pr4NwZW2LD4&t=1108s","https://www.youtube.com/watch?v=RQFmiCQbX7A","https://www.youtube.com/watch?v=FjNGGPr1BdU","https://www.youtube.com/watch?v=s56CObyml_c","https://www.youtube.com/watch?v=wjuvaaxccAQ&t=2204s","https://www.youtube.com/watch?v=y-37DV6GIck","https://www.youtube.com/watch?v=zWwrzfsUJVg","https://www.youtube.com/watch?v=Bws2iIBjWSk","https://www.youtube.com/watch?v=YAxDOFQjTMg","https://www.youtube.com/watch?v=7jjcAuEYW9M","https://www.youtube.com/watch?v=wjsmX-R4Taw","https://www.youtube.com/watch?v=iOZpd4SDz04","https://www.youtube.com/watch?v=trdcprWAaMQ","https://www.youtube.com/watch?v=oArkv9osIx4","https://www.youtube.com/watch?v=OQaLic5SE_I","https://www.youtube.com/watch?v=HK2QdT85a7k","https://www.youtube.com/watch?v=6QTgDWiBuOg","https://www.youtube.com/watch?v=aKrSBz3ez5A","https://www.youtube.com/watch?v=eiQ-TCse-Uo&pp=0gcJCX4JAYcqIYzv",""
"2025/04/20 5:05:01 PM AST","https://youtu.be/7jjcAuEYW9M?si=gWOovL2LFbCw9jU0","https://youtu.be/CsGYh8AacgY?si=eooxJ3CGkWVyfluG","https://youtu.be/RjaCb10dKCw?si=b6yEywBUM5-9udVU","https://youtu.be/Bk0vez_LLYg?si=UqeyXjE4lemz9hq8","https://youtu.be/FlqKeW1iWyU?si=IDwTvhJraM_HuA19","https://youtu.be/5_tcUVcK0cw?si=7ex9jV9vRG8WzTYY","https://youtu.be/Y8n1F_vsFzc?si=WXaSB65gsv9X9EEY","https://youtu.be/uD5J0kVWLu0?si=DwAHRqHedZ02LXm_","https://youtu.be/sBQcYklyEuM?si=_jMFuhMY7sqbr59Q","https://youtu.be/NyB85pVw-v4?si=RYn17tVuzeLeDlmT","https://youtu.be/7jjcAuEYW9M?si=vU-fGZdWx06beOP2","https://youtu.be/iFvIbaeyy8k?si=sY5in2YYxfDnhPEM","https://youtu.be/HK2QdT85a7k?si=R6auJq5vsyS1XMiW","https://youtu.be/Mc5HHQebHcM?si=UrPbisAThLH-f9Y5","https://youtu.be/aKrSBz3ez5A?si=O7xCvPbsUjChawUt","https://youtu.be/oC2o2-Nteyw?si=9yxk2yyd44gAnvXr","https://youtu.be/6VioGkfe7Ys?si=hJsIyob6wsxDY_ZQ","https://youtu.be/lE9dYGzs3RQ?si=8Fla2crj0kqTSvdj","https://youtu.be/03srS0cPpJ0?si=1RZtKAd53mgEOrjx","https://youtu.be/5OgJvLCwCQ4?si=g87jGOrHeQUv8Vqo",""
"2025/04/20 8:12:54 PM AST","Duck Song 2","Duck Song 3"," Honey Bear - Duck Song Spin-Off","The Duck Song IRL","The Christmas Duck Song","The Duck Song 4","The Duck Song 5","The Duck Song Official Plushie","""Take Back the Night"" - A Minecraft Original Music Video","Fallen Kingdom: The Complete Minecraft Music Video Series","The Duck Song 2","The Duck Song 3","Honey Bear - Duck Song Spin-Off","The Duck Song IRL","The Christmas Duck Song","The Duck Song 4","The Duck Song 5","The Duck Song Official Plushie","ROBLOX PIGGY @ the MALL! Chapter 10 FGTeeV Multiplayer Escape (The Secret is Out)","ROBLOX PIGGY ARMY vs FGTeeV Family! CHAPTER 11 Outpost Escape (6 Player Madness)",""
"2025/04/20 8:34:37 PM AST","https://www.youtube.com/watch?v=39ColarOWKo","https://youtu.be/Tn7g2cn7iBo?si=bqmLNWmNT3Wdy2iF","https://youtu.be/VuNIsY6JdUw?si=Zr6bqn_-DfPGc0up","https://www.youtube.com/watch?v=39ColarOWKo","https://www.youtube.com/watch?v=FnXLjHtfAIU","https://www.youtube.com/watch?v=Q9ZZIb5rvgk","https://www.youtube.com/watch?v=-IV8cnGU6YM","https://www.youtube.com/watch?v=Ru4a-js4My4","Dog of Wisdom Joe 89M views 9 years ago","https://www.youtube.com/watch?v=nJr_8l0AEWE","https://www.youtube.com/watch?v=7jjcAuEYW9M","https://www.youtube.com/watch?v=GpcNnJ49azQ&pp=0gcJCX4JAYcqIYzv","https://www.youtube.com/watch?v=CsGYh8AacgY","https://www.youtube.com/watch?v=gfXMnVqicbs","https://www.youtube.com/watch?v=gfXMnVqicbs","https://www.youtube.com/watch?v=I-sH53vXP2A","https://www.youtube.com/watch?v=OQaLic5SE_I","https://www.youtube.com/watch?v=Y8n1F_vsFzc","https://www.youtube.com/watch?v=puQJNPaGcYc","https://www.youtube.com/watch?v=wGR7EBy9A08",""
"2025/04/20 8:51:06 PM AST","https://www.youtube.com/watch?v=7jjcAuEYW9M","https://www.youtube.com/watch?v=gO4SMgj6bqY","https://www.youtube.com/watch?v=UrX4mqXmapE&pp=0gcJCX4JAYcqIYzv","https://www.youtube.com/watch?v=sBQcYklyEuM","https://www.youtube.com/watch?v=IfhMILe8C84","https://www.youtube.com/watch?v=8HhzRd9taEU","https://www.youtube.com/watch?v=1z2xtmkqaAs","https://www.youtube.com/watch?v=zWwrzfsUJVg","https://www.youtube.com/watch?v=Tx1XIm6q4r4","https://www.youtube.com/watch?v=s_3qEGBo-FA","https://www.youtube.com/watch?v=7jjcAuEYW9M","https://www.youtube.com/watch?v=CsGYh8AacgY","https://www.youtube.com/watch?v=lOKSQ4D7wIk","https://www.youtube.com/watch?v=Mc5HHQebHcM","https://www.youtube.com/watch?v=6Y3YPDXlPAo","https://www.youtube.com/watch?v=03srS0cPpJ0","https://www.youtube.com/watch?v=Jqj0qz6dAcw","https://www.youtube.com/watch?v=lE9dYGzs3RQ","https://www.youtube.com/watch?v=wjsmX-R4Taw","https://www.youtube.com/watch?v=oC2o2-Nteyw",""
"2025/04/20 8:54:03 PM AST","https://youtu.be/7jjcAuEYW9M?feature=shared","https://youtu.be/39ColarOWKo?feature=shared","https://youtu.be/OQaLic5SE_I?feature=shared","https://youtu.be/75NQK-Sm1YY?feature=shared","https://youtu.be/lE9dYGzs3RQ?feature=shared","https://youtu.be/THh4fT0O7IY?feature=shared","https://youtu.be/P4gNS0Iiu0Q?feature=shared","https://youtu.be/03srS0cPpJ0?feature=shared","https://youtu.be/paHE4L-x490?feature=shared","https://youtu.be/wjsmX-R4Taw?feature=shared","https://youtu.be/7jjcAuEYW9M?si=vBtZB7p_iv8D25PV","https://youtu.be/oC2o2-Nteyw?si=r5tlxvsI2lNZOhe5","https://youtu.be/wjsmX-R4Taw?si=BoJDipW0B8_PXq4K","https://youtu.be/OQaLic5SE_I?si=ssQh2Y_VxSR24kGk","https://youtu.be/-IV8cnGU6YM?si=z5a2AEDnVSe-wDHy","https://youtu.be/6VioGkfe7Ys?si=zvHUNnTaqVuNAwQg","https://youtu.be/vDuBWmYBCwE?si=qT3qGFBjnh4EA7Vm","https://youtu.be/aKrSBz3ez5A?si=xMBL1Bl90m6NjYus","https://youtu.be/qn8yv8J8dO0?si=Nbhf6kh-iq4zdaeh","https://youtu.be/UyqnRW-CZs4?si=SHFwkdExSZoljG0O",""
"2025/04/20 9:19:55 PM AST","https://www.youtube.com/watch?v=7jjcAuEYW9M","https://www.youtube.com/watch?v=erx6Dw1bzOs","https://www.youtube.com/watch?v=8HhzRd9taEU","https://www.youtube.com/watch?v=-u4sPnpaFEA","https://www.youtube.com/watch?v=SJYj57TUKjc","https://www.youtube.com/watch?v=OQaLic5SE_I","https://www.youtube.com/watch?v=eMLiBHOGEa8","https://www.youtube.com/watch?v=gGzTHtBdHV8","https://www.youtube.com/watch?v=wwYKGwWzmG0","https://www.youtube.com/watch?v=_cr46G2K5Fo","https://www.youtube.com/watch?v=7jjcAuEYW9M&pp=0gcJCX4JAYcqIYzv","https://www.youtube.com/watch?v=oC2o2-Nteyw","https://www.youtube.com/watch?v=aKrSBz3ez5A","https://www.youtube.com/watch?v=iFvIbaeyy8k","https://www.youtube.com/watch?v=6VioGkfe7Ys","https://www.youtube.com/watch?v=5OgJvLCwCQ4","https://www.youtube.com/watch?v=DTvS9lvRxZ8&pp=0gcJCX4JAYcqIYzv","https://www.youtube.com/watch?v=qn8yv8J8dO0","https://www.youtube.com/watch?v=vDuBWmYBCwE","https://www.youtube.com/watch?v=paHE4L-x490",""
"2025/04/20 10:08:29 PM AST","https://youtu.be/7jjcAuEYW9M?si=sGV9LtdUhXUwQk-2","https://youtu.be/0jz0GAFNNIo?si=KxkP--It9_9O9Yq1","https://youtu.be/yea4e3b0Dak?si=n4UatgFyjUrH8LXM","https://youtu.be/lkgGFwbFK2c?si=IoaDhInBSedWz6Yv","https://youtu.be/RCsW1snWed8?si=jfxLGBtXrtIevEwk","https://youtu.be/c5jDju_6FAQ?si=dhqaqUqlm8tMl2zX","https://youtu.be/o8LTi_zkGuY?si=O4Rbc7wuG8XxelDh","https://youtu.be/DVwhc3S9ZMo?si=f8_j6_kdF3C9v7h_","https://youtu.be/iOPopIfxWOg?si=WvAuBhGliYZIE6Lj","https://youtu.be/0lEtQqvdS2g?si=p8yL4M1cM-4vP3-r","https://youtu.be/OQaLic5SE_I?si=R2c-xnGVlo64TNPS","https://youtu.be/aKrSBz3ez5A?si=ZIaFijvr5OyHOyP7","https://youtu.be/bvWRMAU6V-c?si=HSu0E-UkG51l6hjL","https://youtu.be/vDuBWmYBCwE?si=YAmF8KlKEOWSmSqT","https://youtu.be/6VioGkfe7Ys?si=a2hL6yn8d5xBHiAH","https://youtu.be/Tx1XIm6q4r4?si=oyNq-aLt76wE1le_","https://youtu.be/IJNR2EpS0jw?si=06PoNFgCo2IOw1F0","https://youtu.be/5OgJvLCwCQ4?si=tGTzPUyaYjspk-IY","https://youtu.be/DXeZ0sS2ISA?si=xCu5okBophf0iJDN","https://youtu.be/-IV8cnGU6YM?si=DMb3Xsd6VqRJ4gN_",""
"2025/04/20 10:55:52 PM AST","https://www.youtube.com/watch?v=PbqB1U9dfKM&pp=0gcJCX4JAYcqIYzv","https://www.youtube.com/watch?v=hrlkwneD4dA","https://www.youtube.com/watch?v=bOXP7qG6s5I","https://www.youtube.com/watch?v=OQaLic5SE_I","https://www.youtube.com/watch?v=8HhzRd9taEU","https://www.youtube.com/watch?v=3dkrz4r4cZU","https://www.youtube.com/watch?v=wqf-dJyU_WA","https://www.youtube.com/watch?v=IRCZ1Mt2a8M&pp=0gcJCX4JAYcqIYzv","https://www.youtube.com/watch?v=DJ8zn6ruYks","https://www.youtube.com/watch?v=K00wWB-Gcnw","https://www.youtube.com/watch?v=dQw4w9WgXcQ","https://www.youtube.com/watch?v=Q096w0Fz2p4&pp=0gcJCX4JAYcqIYzv","https://www.youtube.com/watch?v=OQaLic5SE_I","https://www.youtube.com/watch?v=03srS0cPpJ0","https://www.youtube.com/watch?v=i9sR_T76H34","https://www.youtube.com/watch?v=THh4fT0O7IY","https://www.youtube.com/watch?v=EyVcGAY2o9c","https://www.youtube.com/watch?v=EyVcGAY2o9c","https://www.youtube.com/watch?v=iFvIbaeyy8k","https://www.youtube.com/watch?v=aKrSBz3ez5A",""
"2025/04/20 11:31:19 PM AST","https://www.youtube.com/watch?v=7jjcAuEYW9M","https://www.youtube.com/watch?v=39ColarOWKo","https://www.youtube.com/watch?v=aKrSBz3ez5A","https://www.youtube.com/watch?v=OQaLic5SE_I&pp=0gcJCX4JAYcqIYzv","https://www.youtube.com/watch?v=03srS0cPpJ0","https://www.youtube.com/watch?v=CsGYh8AacgY","https://www.youtube.com/watch?v=I-sH53vXP2A","https://www.youtube.com/watch?v=lE9dYGzs3RQ","https://www.youtube.com/watch?v=s_3qEGBo-FA","https://www.youtube.com/watch?v=oC2o2-Nteyw&pp=0gcJCX4JAYcqIYzv","https://www.youtube.com/watch?v=7jjcAuEYW9M","https://www.youtube.com/watch?v=tqdIkXQVjKM","https://www.youtube.com/watch?v=OQaLic5SE_I&pp=0gcJCX4JAYcqIYzv","https://www.youtube.com/watch?v=yYTM2SKPofg","https://www.youtube.com/watch?v=03srS0cPpJ0","https://www.youtube.com/watch?v=oC2o2-Nteyw","https://www.youtube.com/watch?v=lE9dYGzs3RQ","https://www.youtube.com/watch?v=AMppfY8aF6M","https://www.youtube.com/watch?v=aKrSBz3ez5A","https://www.youtube.com/watch?v=lOfZLb33uCg",""
"2025/04/20 11:47:12 PM AST","https://youtu.be/7jjcAuEYW9M?feature=shared","https://youtu.be/k85mRPqvMbE?feature=shared","https://youtu.be/03srS0cPpJ0?feature=shared","https://youtu.be/OQaLic5SE_I?feature=shared","https://youtu.be/39ColarOWKo?feature=shared","https://youtu.be/6Y3YPDXlPAo?feature=shared","https://youtu.be/I-ZJS4ENAOo?feature=shared","https://youtu.be/lE9dYGzs3RQ?feature=shared","https://youtu.be/DnPATG8fE3o?feature=shared","https://youtu.be/gjRGIpP-Qfw?feature=shared","https://youtu.be/7jjcAuEYW9M?si=1IO0pd5etgVuDPRT","https://youtu.be/9wDt-yI_oHc?si=PfyxYWAyYWvvvK6c","https://youtu.be/OQaLic5SE_I?si=2O_IlXeAl6KUan04","https://youtu.be/i9sR_T76H34?si=OZ-BM97p4MHLj5mI","https://youtu.be/03srS0cPpJ0?si=rcV8y-fq9TnX1ltU","https://youtu.be/ITZpJY6K4wk?si=oMReMhTtho5LMqBs","https://youtu.be/eiQ-TCse-Uo?si=dd_bM7hJgMluGctE","https://youtu.be/I-sH53vXP2A?si=FN_B8U6MhGJxvjtW","https://youtu.be/aKrSBz3ez5A?si=Dv6LAaHskQuu6bNK","https://youtu.be/oC2o2-Nteyw?si=chs1kSuN_kia0pzg",""